keyword,volume
shirts about swimming,1300
swim themed shirts,1300
swimming in t shirt,1300
mens swim shirt,1000
swimming t shirt men,1000
mens swim tee,1000
male swim shirt,1000
mens swim tee shirts,1000
swim shirts for guys,1000
nylon t shirt for swimming,1000
striper shirts,880
swimming t shirt womens,720
nylon t shirts for swimming for ladies,720
swim shirts for women,590
ladies swim shirt,590
swim tee womens,590
swim tee shirts womens,590
female swim shirts,590
swim shirt female,590
swimming shirt,480
swim shirts,480
swim tops for men,480
angelfish t shirt,480
rash shirts ladies,480
shirt swim,480
fishing t shirts,390
fishing tee shirts,390
swimming t shirt for ladies,390
t shirts for fishermen,390
fishing themed shirts,390
billabong t shirt,320
billabong tee shirts,320
swi shirt,320
swimming clothes long sleeves,320
fishy shirt,260
mens t shirt for swimming,260
surf t shirts,210
surf tee shirts,210
surfboard t shirts,210
surf wear t shirts,210
catch shirt,210
shirt for pool party,210
mens beachwear shirts,170
nylon swim shirt,170
nylon shirt for swimming,170
rip curl t shirt,140
water shirt,140
t shirt bathing suit,140
salmon shirts,140
t shirt swimwear,140
swimming pool t shirt,140
swimming suit t shirt,140
t shirt in pool,140
t shirt swimming suit,140
billabong shirts,110
mens beach wear shirts,110
mahi mahi t shirt,110
fishing print shirts,110
mahi t shirt,110
shirts billabong,110
synthetic t shirts for swimming,110
plus size rash guard,90
rash guard swim suit,90
plus size rash shirt,90
swim t shirt and shorts,70
t shirt for swimming women's,70
weirdfish t shirts,70
crop shirt bikini,70
lycra t shirts for swimming,70
olaian t shirt,70
speedo tee,70
striper t shirt,70
sailing t shirts,50
long sleeve swim top,50
surf shirts,50
womens long sleeve swim top,50
billabong mens t shirts,50
rash shirts for swimming,50
bass t shirt,50
oneill t shirt,50
billabong tee shirts mens,50
swim guard shirts,50
t shirt sailing,50
t shirt for swimming pool,50
shirt surf,50
mens t shirts billabong,50
berkley turbo dry t shirt,50
billabong t shirts for men,50
hooked t shirts,50
polyester t shirt for swimming,50
rash shirt swimming,50
subway surfer t shirt,50
swim with shirt on,50
swimming with t shirt on,50
swim shirts for fat guys,40
swim top with sleeves,40
billabong mens shirts,40
rip curl shirts,40
shirt bathing suit,40
mens swim tank top,40
swim shirt and shorts,40
koi shirt,40
swimming pool shirts,40
mens swim shirt for fat guys,40
swimwear t shirt women's,40
billabong t shirt price,40
catch t shirts,40
decathlon swim t shirt,40
surf club shirt,40
swimming shirts and shorts,40
swimming suit shirt,40
long sleeve swim shirt,30
long sleeve rash guard,30
women's long sleeve rash guard,30
master baiter shirt,30
rash guard shirts,30
sailing shirts,30
mens surf t shirts,30
sex wax shirt,30
mr zogs sex wax shirt,30
mens surf tees,30
surf tees mens,30
long sleeve fishing t shirts,30
koi t shirt,30
reel shirts,30
marlin shirt,30
compression swim shirt,30
swimming t shirt and shorts women's,30
long sleeve fishing tee shirts,30
rash guard swim wear,30
ladies long sleeve rash guard,30
fishing logo t shirts,30
mens surf tee shirts,30
long sleeve fishing tees,30
fisherman's shirts,30
fluke t shirts,30
kingfish shirt,30
rash shirt swimwear,30
shirt sailing,30
surf colour shirt,30
swim coach t shirt,30
swimming t shirt decathlon,30
t shirt fluke,30
trout unlimited t shirt,30
tuna t,30
katin t shirts,20
mens surf shirts,20
mens swim shirt long sleeve,20
long sleeve swim shirt women's,20
sleeveless swim shirt,20
sex wax t shirt,20
mens water shirt,20
speedo swim shirt,20
surf t shirts womens,20
bass shirts,20
surf singlets,20
moschino swim t shirt,20
mr zogs sex wax t shirt,20
speedo t shirts men's,20
mr zogs t shirt,20
fisherman t shirts,20
t shirt for swimming men's,20
shorts and shirt bathing suit,20
ladies surf t shirts,20
mens swimwear shirts,20
swim shirt sleeveless,20
sailboat shirts,20
sailboat t shirt,20
shirt and short swimsuit,20
mr zogs surf wax t shirts,20
nautical t shirts mens,20
swim pants and shirts,20
tuna t shirt,20
speedo swim tee,20
yachting t shirt,20
adidas swim t shirt,20
bathing suit shirt men,20
decathlon swim shirt,20
lure shirt,20
mahi 07 t shirt,20
mens long sleeve swim tee,20
reel t shirt,20
sailboat tshirts,20
speedo mens t shirts,20
surf tees for women,20
swim shirt decathlon,20
swim shirt speedo,20
swimming in a shirt,20
swimming shirt decathlon,20
swimwear men shirt,20
swimwear shirt men,20
t shirt fisherman,20
t shirt reels,20
t shirt tuna,20
tuna tee shirts,20
wearing t shirt in swimming pool,20
womens long sleeve swim tee,20
womens surf tee shirts,20
swim surf shirt,10
mens rash guard long sleeve,10
big and tall swim shirt,10
plus size swim shirt,10
funny fishing shirts,10
long sleeve swim,10
spf swim shirts,10
best swim shirts for men,10
uv swim shirts,10
mens rash guard swim shirt,10
huk t shirts,10
mens rash guard shirts,10
men's rash guard long sleeve,10
big and tall rash guard,10
guy harvey fishing shirts,10
plus size rash guard top,10
mens swim shirt short sleeve,10
bassdash shirts,10
mens uv swim shirt,10
vintage surf shirts,10
mens spf swim shirts,10
men's sun protection shirts for swimming,10
swim tee,10
short sleeve swim shirt,10
surf tees,10
long sleeve water shirt,10
adult swim shirt,10
loose fit swim shirt women's,10
swim shirt with bra,10
women's uv shirts for swimming,10
surf shirts womens,10
best swim shirts,10
mens uv t shirts for swimming,10
swimshirt,10
rash guard swim shirt,10
upf swim shirts,10
women's rash guard swim,10
best sun shirts for swimming,10
vintage surf tees,10
long sleeve surf shirt,10
huk swim shirt,10
women's swim shirt with zipper,10
men's rash guard swim shirt,10
women's swim shirt with bra,10
fly fishing t shirts,10
women's upf swim shirt,10
vintage surf t shirts,10
swim shirt with built in bra,10
billabong t shirt womens,10
zip up rash guard women's,10
surf shop t shirts,10
mens pool shirts,10
hot tuna t shirt,10
sun protection shirts for swimming,10
mens fishing t shirts,10
billabong oversized t shirt,10
womens plus size rash guard,10
3xl swim shirt,10
billabong tee,10
funny fishing t shirts,10
custom swim shirts,10
mens big and tall swim shirt,10
cropped swim shirt,10
4xl swim shirt,10
hooded swim shirt,10
womens zip rash guard,10
men's water shirts uv protection,10
tank top swim shirt,10
best swim shirts for fat guys,10
thermal swim shirt,10
uv protection swim shirts,10
mens short sleeve swim shirt,10
swim bras for under swim shirts,10
billabong oversized tee,10
full zip rash guard women's,10
women's swim shirt with built in bra,10
swim tee shirts,10
columbia pfg t shirts,10
charlie don t surf t shirt,10
o neill swim shirt,10
plus size swim shirt with bra,10
spf swim shirts women's,10
men's long sleeve sun protection shirts for swimming,10
best men's uv swim shirts,10
fishing graphic tees,10
womens long sleeve swim,10
sun shirts for swimming,10
mens sleeveless swim shirt,10
pool shirts for guys,10
rash guard shirt womens,10
christmas fishing shirt,10
plus size uv swim shirt,10
big mens swim shirt,10
surf shop shirts,10
plus size long sleeve swim shirt,10
busch light fishing shirt,10
rash guard men's loose fit,10
gg fishing shirts,10
women's swim shirt short sleeve,10
men's swim shirt loose fit,10
trout shirt,10
swim tee with bra,10
charlie don t surf shirt,10
rip curl t shirt mens,10
women's swim shirts sun protection,10
men's swim rash guard,10
custom sailing shirts,10
mens swimshirt,10
beer fishy fishy shirt,10
surf brand t shirts,10
aftco t shirts,10
mens swim trunks with matching shirt,10
rash guard swim top,10
5xl swim shirt,10
swim tees plus size,10
retro surf shirts,10
sunscreen shirts for swimming,10
swim mom shirts,10
4xlt swim shirt,10
best swim shirts for women,10
plus size swim tee,10
zip up swim shirt,10
spf 50 swim shirts,10
white swim shirt,10
billabong t shirt sale,10
black swim shirt,10
long sleeve swim top with bra,10
pfg t shirts,10
pike t shirt,10
long sleeve water shirt women's,10
matching swim trunks and shirt,10
billabong long sleeve t shirt,10
fly fishing long sleeve shirts,10
women's swim shirts and shorts,10
reel life t shirts,10
guy harvey long sleeve fishing shirts,10
neoprene swim shirt,10
fishing team shirts,10
men's rashguard swim shirt,10
short sleeve swim top with bra,10
sleeveless swim shirt women's,10
billabong mens tshirts,10
snorkeling shirt,10
mens tall rash guard,10
mens 3xl swim shirts,10
surf graphic tees,10
sun protection swim tops for womens,10
plus size long sleeve swim top,10
uv rash guard men's,10
t shirt swim top,10
wet shirt for swimming,10
men's swim shirts uv protection,10
maternity swim shirt,10
men's rash guard shirts,10
fishing tees,10
swim shirt women's long sleeve,10
long sleeve surf t shirts,10
walleye shirt,10
sunblock shirts for swimming,10
best rash guard for swimming,10
best water shirts,10
zip rash guard women's,10
bass fishing t shirts,10
billabong graphic tee,10
6xl swim shirt,10
gone fishing t shirt,10
swim t shirt plus size,10
fishbone t shirt,10
mens rash guards short sleeve,10
plus size rash guard long sleeve,10
upf 50 swim shirt,10
finis thermal swim shirt,10
long sleeve sailing shirts,10
best women's rash guard for swimming,10
insulated swim shirt,10
billabong womens shirts,10
thermal shirt for swimming in cold water,10
spyder swim shirt,10
rip curl tee shirts,10
swim trunks with matching shirt,10
surf style t shirts,10
uv t shirts for swimming,10
long sleeve shorts swimsuit,10
fly fishing tee shirts,10
oversized surf t shirts,10
loose fit rash guard men's,10
men's uv swim shirt long sleeve,10
infant swim shirt,10
long sleeve sun protection swim shirts,10
salmon t shirt,10
rip curl t shirt womens,10
women's short sleeve rash guard with zipper,10
cute swim shirts,10
waterproof shirts for swimming,10
retro surf t shirts,10
katin base tee,10
plus size swim shirt and shorts,10
loose swim shirt,10
compression swim tops,10
swim shirts near me,10
fishing t shirts mens,10
reel life shirt,10
rip curl long sleeve t shirt,10
spf swim tops,10
straight zooted shirt,10
grateful dead fishing shirt,10
mens swim shirts with uv protection,10
billabong tee womens,10
plus size swim shirt with built in bra,10
great northern fishing shirt,10
women's swim long sleeve top,10
plus size long sleeve rash guard,10
loose fit swim shirt womens plus size,10
swim shirts for big guys,10
plus size rash guard swimwear,10
best men's long sleeve swim shirts,10
plain long sleeve fishing shirts,10
uv swim tops,10
womens billabong tee,10
womens thermal swim shirt,10
trout t shirt,10
mens matching bathing suit and shirt,10
5xlt swim shirt,10
rip curl swim shirt,10
loose fitting swim shirts,10
matching shirt and swim trunks,10
redfish shirt,10
sun protection water shirts,10
sunscreen clothing for swimming,10
xxxl swim shirt,10
uv swim top mens,10
tarpon shirt,10
katin tee shirts,10
sailing tee shirts,10
fishing t shirts amazon,10
water shirts for fat guys,10
uv protection swim shirts men's,10
speedo mens swim shirt,10
best sun protection clothing for swimming,10
warm swim shirt,10
surf t shirts sale,10
custom fishing t shirts,10
katin tees,10
adidas swim shirt,10
the rodfather shirt,10
tuna shirts,10
surf tshirts sale,10
master baiter fishing shirt,10
t shirt bikini crop top,10
mens long sleeve water shirts,10
steelhead shirts,10
short sleeve swim shirt mens,10
billabong t shirts clearance,10
bather shirts,10
skims swim shirt,10
women's swim shirt uv protection,10
womens rash guard swim suit,10
swim top with sleeves plus size,10
saltwater fishing t shirts,10
vintage fishing shirts,10
dad fishing shirt,10
walleye t shirts,10
mens plus size swim shirt,10
swim team shirts,10
men's upf 50 swim shirts,10
crop top swim shirt,10
women's t shirt bathing suit,10
mens surf t shirts sale,10
long swim tops plus size,10
water shirt for swimming,10
plus size rash guard short sleeve,10
surf shop tees,10
best womens swim shirt,10
swim top with short sleeves,10
90s surf shirts,10
swim shirt spf,10
short sleeve swim top with built in bra,10
crappie t shirts,10
rash guard swim shirt women's,10
women's rash guard zip up,10
pike shirt,10
3xlt rash guard,10
long sleeve swim tee,10
long sleeve swim shirt with zipper,10
men's uv swim shirt short sleeve,10
plus swim shirt,10
t&c surf shirts,10
sun protection t shirts for swimming,10
uv swim tops womens,10
best long sleeve rash guard,10
youth swim shirts,10
onlyfish shirt,10
gone fishing shirt,10
swimwear shirts,10
men's swim shirts with uv protection,10
swim dad shirt,10
shirts to swim in,10
best surf t shirts,10
women's long sleeve uv protection swim shirts,10
mens swim trunks and matching shirt,10
speedo long sleeve swim shirt,10
big and tall rash guard swim shirts,10
rip curl t shirt sale,10
carp fishing t shirts,10
billabong mens tees,10
longsleeve swim,10
mahi mahi shirt,10
reel life mens shirts,10
men's sun protection swim shirts,10
sun protection clothing for swimming,10
sun protective swim shirts womens,10
short sleeve swim top plus size,10
rip curl relaxed fit tee,10
mens uv shirts for swimming,10
rash guard with zipper women's,10
striped bass shirt,10
speedo rash guard men's,10
beach shorts and shirt,10
men's long sleeve swim shirt loose fit,10
long sleeve water shirt men's,10
billabong womens tees,10
billabong pocket tee,10
graphic fishing shirts,10
upf swim tops,10
swim shirt and shorts women's,10
womens water shirts,10
grandpa fishing shirt,10
billabong long sleeve shirts,10
swim shirts mens big and tall,10
salmon t shirt mens,10
huk fishing t shirt,10
mens xxl swim shirt,10
mens uv swim top,10
matching swim shorts and shirt,10
bassdash fishing shirts,10
mens bathing suit and matching shirt,10
plus size rash guard women's,10
bikini top shirt,10
uv mens swim shirts,10
4xlt rash guard,10
womens plus swim shirt,10
wicked tuna t shirts,10
men's swim rash guard long sleeve,10
best fishing t shirts,10
cool surf t shirts,10
best swim shirts for guys,10
quints shark fishing t shirt,10
billabong mens long sleeve t shirts,10
cool surf shirts,10
quick dry swim shirt,10
uv protection shirts for swimming men's,10
full zip swim shirt,10
musky shirt,10
plus size rash guard swim,10
long swim shirt,10
white marlin open t shirts,10
zip swim shirt,10
crop swim top long sleeve,10
swim t shirt with bra,10
billabong plain t shirts,10
swimsuit shirt and shorts,10
ladies long sleeve swim top,10
sailfish shirt,10
rip curl tee,10
huk men's t shirts,10
xxl swim shirt,10
swim shirt for mens sleeveless,10
plus size uv shirt,10
mens white swim shirt,10
mens beach cover up shirt,10
swim suit shirt,10
catfish t shirt,10
shirt swim top,10
coolest fishing shirts,10
swim top with zipper,10
carp t shirt,10
cool swim shirts,10
uv t shirts for swimming men's,10
oversized swim shirt,10
mens 5xl swim shirt,10
mens swim shirt near me,10
vintage billabong shirt,10
mens black swim shirt,10
zip up swim top long sleeve,10
high neck swim shirt,10
t shirt bathing suit top,10
black swim shirt women's,10
womens long sleeve water shirts,10
fishing company shirts,10
women's swim top long sleeve,10
titanic swim team shirt,10
men water shirt,10
fishing lure shirt,10
flotation shirt,10
huk t shirts amazon,10
sleeveless water shirt,10
funny fishing tee shirts,10
mens matching shirt and swim trunks,10
best thermal swim shirt,10
master bait and tackle shirt,10
sardine shirt,10
fishing themed t shirts,10
mens thermal swim shirt,10
rash guard zip up womens,10
white swim shirt women's,10
mullet t shirt,10
hydroguard swim shirt,10
speedo swim shirt mens,10
short sleeve mens swim shirt,10
chlorine resistant swim shirts,10
shirts for swimming men's,10
catfish shirts,10
t shirt surf vintage,10
adult mens swim shirt,10
surf shop tee shirts,10
walleye fishing shirt,10
brook trout shirt,10
sun protection swim tops,10
performance fishing t shirts,10
mullet shirt,10
beach shirts for fat guys,10
3x rash guard shirt,10
white long sleeve swim top,10
childrens long sleeve rash vests,10
rash guard men's swim shirts,10
rodfather shirt,10
pink swim shirt,10
uv protection water shirts,10
cheap billabong t shirts,10
trout fishing t shirts,10
full zip women's rash guard,10
men's fishing graphic t shirts,10
funny fishing shirts for men,10
surf shop t shirts mens,10
billabong long sleeve t shirt mens,10
rip curl oversized t shirt,10
billabong long sleeve tee,10
billabong oversized shirt,10
uv water shirt,10
spf rash guard shirts,10
sun shirt rash guard,10
shorts and t shirt swimwear,10
women's long sleeve rash guard with zipper,10
mens rash guard tank top,10
billabong white t shirt,10
white surf t shirt,10
long sleeve rash guard shirts,10
tarpon t shirt,10
7xl swim shirt,10
shirt bathing suit top,10
big and tall surf t shirts,10
long sleeve uv protection swim shirts,10
plus size long swim tops,10
yater t shirt,10
ladies rash guard swim shirts,10
classic surf t shirts,10
best men's swim shirts 2022,10
cold water swim shirt,10
mens compression swim shirt,10
mesh swim shirt,10
surf arrakis t shirt,10
big mens rash guard,10
short sleeve swim shirts for men,10
koi carp shirt,10
women's long sleeve swim shirt with built in bra,10
columbia pfg womens shirt,10
charlie dont surf t shirt,10
full zip rash guard womens,10
skeleton surfing shirt,10
swim shorts and long sleeve top,10
the happy fisherman shirt,10
plus size rash vests,10
billabong white shirt,10
white surf shirt,10
goldfish shirt,10
white swim shirt mens,10
mens surf brand t shirts,10
flounder t shirt,10
carp shirt,10
swim shirt long sleeve women's,10
redfish t shirt,10
retro surf tees,10
stylish swim shirts,10
plus size rash vest womens,10
shark fishing shirts,10
skims swim t shirt,10
mens swim shorts and shirt,10
pink billabong shirt,10
surfs up shirt,10
men's tank top swim shirt,10
swimshirt for men,10
surfboard shirt,10
thermal swim shirt youth,10
rip curl the search t shirt,10
dri fit swim shirts,10
men's plus size rash guard swim shirt,10
swim tees with built in bra,10
long sleeve swim rash guard,10
billabong california t shirt,10
billabong swim shirts,10
mens salmon t shirt,10
sailing t shirts funny,10
mens plus size rash guard,10
columbia fishing t shirts,10
sailing crew shirts,10
mens swim trunks matching shirt,10
short sleeve women's swim shirt,10
waterman angler hooded long sleeve upf 50 surf t shirt,10
men's sleeveless hydroguard swim shirt,10
uv protection swim tops,10
red tuna shirts,10
women's swim t shirt and shorts,10
peaky flounders t shirt,10
funny swim shirts,10
o neill mens swim shirt,10
short sleeve water shirts,10
bass fishing tee shirts,10
sleeveless uv swim shirts,10
uv swim top women's,10
women's rash guard swim tops,10
mens plus size rash vest,10
quicksilver swim shirts,10
orange swim shirt,10
funny fishing tshirt,10
columbia pfg flag shirt,10
blue barracuda shirt,10
plus size swim tee shirt,10
women's uv swim shirt long sleeve,10
guy fishing shirts,10
fishaholic shirts,10
fishing logo shirts,10
cheap fishing t shirts,10
pool shirts for fat guys,10
swim shirt and shorts plus size,10
funny bass fishing shirts,10
long sleeve swim top and shorts,10
swim shirts for plus size ladies,10
uv swim shirt men's,10
adult swim t shirt,10
womens front zip rash guard,10
3t swim shirt,10
snook shirt,10
uv long sleeve swim shirts womens,10
swimshirt men,10
sailing long sleeve t shirts,10
hot tuna shirt,10
mens swim shirt xxxl,10
t shirt style bikini top,10
mahi shirt,10
mens funny fishing t shirts,10
men's long sleeve uv protection swim shirt,10
mens bathing suit with matching shirt,10
speedo uv shirt,10
ladies swim shirt with bra,10
women's swim rash guard short sleeve,10
women's bathing suit shirt,10
men's beach cover up shirt,10
speedo men's uv swim shirt long sleeve,10
t shirt style bathing suit top,10
show me your bobbers shirt,10
rashguard shirts for women,10
womens long sleeve surf t shirts,10
sailing team shirts,10
fishing graphic t shirts,10
super tuna shirt,10
neon swim shirt,10
long sleeve rash guard plus size,10
swim trunks matching shirt,10
wicked tuna shirts,10
tank top swim shirt women's,10
funny sailing shirts,10
shirts to wear in the pool,10
t shirt bathing suit plus size,10
upf water shirt,10
beach swim shirt,10
adult male swim shirt,10
spyder rash guard shirt,10
funny ice fishing shirts,10
men's long sleeve swim rash guard,10
black swim shirt mens,10
80s surf t shirts,10
lifeguard swim shirt,10
o neill swim shirt mens,10
billabong swim shirt womens,10
short sleeve swim tee,10
fishing tee shirt designs,10
fly fishing polo shirts,10
women's swim shirt near me,10
big guy swim shirts,10
quick dry t shirts for swimming,10
swimshirt for women,10
surf tshirts men,10
shirts you can swim in,10
long sleeve swim shirt near me,10
the rodfather t shirt,10
swim dad t shirt,10
t shirt pike,10
bass t shirt mens,10
fitted swim shirt,10
big and tall swim rash guard,10
snoopy surfing t shirt,10
mens long sleeve fishing t shirts,10
mens rash guard t shirt,10
mens rash guard and swim trunks,10
shirt for swimming men's,10
chandler surfboards t shirt,10
long sleeve swimsuit sun protection,10
loose fit swim shirt mens,10
swimming trunks and shirt,10
sunscreen swim shirts for womens,10
chlorine resistant shirts,10
mens short sleeve swim top,10
mens shirt beach cover up,10
eels t shirt,10
billabong florida shirt,10
long sleeve swimsuit for men,10
white billabong shirt,10
speedo swim shirt women's,10
mens swim shirt and shorts,10
rip curl white t shirt,10
quiksilver surf tee,10
t shirt surf style,10
rip curl graphic tees,10
surf oversized t shirt,10
quiksilver dredge hooded surf shirt,10
ladies swim shirts and shorts,10
childrens long sleeve swim shirts,10
red swim shirt,10
bathing suit with shirt top,10
reel cool papa shirt,10
amazon men's swim shirts,10
white billabong t shirt,10
polo swim shirt,10
men's wet shirts for swimming,10
white marlin open tee shirts,10
shirts to wear while swimming,10
speedo rash guards,10
shark swim shirt,10
koi shirts for sale,10
swim shirts for men nearby,10
surfs up t shirt,10
usa swimming t shirt,10
classic surf tees,10
swordfish shirt,10
cropped t shirt swim top,10
swim shirt hoodie,10
quints shark fishing,10
quiksilver surf t shirt,10
swim tee shirts mens,10
minecraft swim shirt,10
just keep swimming t shirt,10
women's fishing t shirts,10
plus size swim tee with built in bra,10
mens 2xl swim shirts,10
offshore angler t shirts,10
5t swim shirt,10
jesus surfing shirt,10
white marlin shirts,10
bass fishing tshirt,10
mens uv rash guard shirts,10
swim shirts for large men,10
speedo men's uv swim shirt,10
padded swim shirt,10
salt water t shirts,10
men's water shirts for swimming,10
long sleeve billabong,10
bass fishing long sleeve shirts,10
long sleeve swim tops ladies,10
men's long sleeve loose fit rash guard,10
swim shirt for lap swimming,10
hot tuna tee shirts,10
cheap swim shirts,10
o neill surf t shirts,10
bra to wear under swim shirt,10
rash guards & swim shirts,10
billabong black t shirt,10
oneill mens t shirts,10
rip curl mens tees,10
fishing club shirts,10
mens 3xlt swim shirt,10
funny fishing shirts for her,10
swim bike run t shirt,10
billabong oversized tees,10
swim shirts for women nearby,10
best mens rash guard shirts,10
speedo sun shirt,10
t shirt and shorts swimwear,10
swim shirt 3xlt,10
bass tee shirts,10
personalized swim shirts,10
redfish tee shirts,10
speedo swim shirt long sleeve,10
vintage rip curl t shirt,10
ladies plus size rash vest,10
speedo rash shirt,10
muskie t shirts,10
just keep swimming shirt,10
rash guard sun shirt,10
white shirt over swimwear,10
brown trout shirt,10
blue swim shirt,10
vintage fishing t shirts,10
mens surf long sleeve t shirts,10
newborn swim shirt,10
shirts to wear with swim trunks,10
snorkeling shirt mens,10
bear surfboards t shirt,10
triathlon swim shirt,10
striped bass t shirt,10
men's zip up swim shirt,10
billabong skeleton surfing shirt,10
long sleeve bathing suit shirt,10
surf shop t shirts womens,10
deep sea fishing t shirts,10
women's swimming shorts and t shirt,10
sunscreen swim tops,10
lost surfboards t shirt,10
t shirt style swim top,10
surf brand tees,10
swim instructor shirts,10
surf company shirts,10
guy harvey redfish shirt,10
loose fit long sleeve rash guard,10
fishing boat shirts,10
blobfish t shirt,10
guy harvey bass shirt,10
flag fishing shirt,10
men's sunscreen swim shirts,10
surfing skeleton shirt,10
women's plus size swim tees,10
under armour fishing t shirt,10
t&c surf t shirts,10
peacock bass shirt,10
vintage surf shop t shirts,10
palmyth fishing shirts,10
billabong surf tee,10
swim shirts uva uvb protection,10
mens sailing t shirts,10
shirts with fishing sayings,10
reebok swim shirt,10
rash guard shirts near me,10
mens bathing suit shirt,10
sun protection swim shirts for men,10
t shirts with fishing sayings,10
snoopy surf shirt,10
rapala t shirt,10
swim shirts for women short sleeve,10
swim shirt nearby,10
swim shorts with matching shirt,10
rip curl white shirt,10
vintage t&c surf shirts,10
gone fishing tee shirts,10
short sleeve plus size rash guard,10
sheer swim shirt,10
swim top shirt,10
rare surf tees,10
bonefish t shirt,10
sportfishing shirts,10
waterproof t shirt for swimming,10
long sleeve black swim top,10
billabong purple shirt,10
shirt rip curl,10
pool shirt men,10
yater surfboards t shirt,10
under armour bass shirt,10
fishing charter t shirts,10
oversized surf shirts,10
vintage surf tee shirts,10
tee shirt swim top,10
women's swim shirts near me,10
men pool shirts,10
sun and swim shirts,10
mens swim trunks with shirt,10
billabong tshirts men,10
rip curl tie dye shirt,10
women's long sleeve swim shirt and shorts,10
uv beach shirt,10
sportfishing t shirts,10
us fishing company shirts,10
largemouth bass shirt,10
surfboard shirt logo,10
sailfish t shirt,10
mens graphic fishing t shirts,10
billabong pocket t shirt,10
best surf tshirts,10
short sleeve rash guard shirts,10
kelly slater t shirt,10
rash guard womens swim tops,10
uv snorkel shirt,10
rip curl wetsuits t shirt,10
rainbow trout t shirt,10
grandpa's fishing buddy shirt,10
sailing t shirt designs,10
white marlin t shirts,10
women's swim shirts rash guards,10
t&c surf designs shirts,10
billabong ladies t shirts,10
trout print shirt,10
tie dye surf shirts,10
billabong striped shirt,10
quiksilver tie dye shirt,10
black billabong t shirt,10
fisherman tee shirts,10
mens rash guard swimsuit,10
men's swimming pool t shirts,10
t shirt fishing designs,10
long sleeve speedo,10
rapala shirt,10
speedo women's uv swim shirt long sleeve rashguard,10
walleye fishing t shirts,10
fly fishing t shirts funny,10
lightning bolt surf t shirt,10
bathing suit shirts for women,10
rip curl shirts men's,10
white shirt for over swimwear,10
sport fishing t shirts,10
koi element tee,10
big johnson fishing t shirts,10
marlin t shirts,10
surf company t shirts,10
billabong surf t shirt,10
mens wetsuit t shirt,10
andy irons t shirt,10
men's matching swim shorts and shirt,10
marlin tee shirts,10
swim bike run shirt,10
purple billabong t shirt,10
bluefin shirts,10
fishing tournament t shirts,10
fly fishing print shirt,10
infant rash guard shirt,10
aquarium t shirt,10
swim shirt with sleeves,10
swim shirt brands,10
retro fishing shirts,10
eels shirts,10
surf club t shirt,10
billabong all day shirt,10
flounder shirts,10
bikini top t shirt,10
bass player shirt,10
blue marlin shirt,10
yellow swim shirt,10
swim shirt 5t,10
shirt over swimwear,10
blue marlin t shirt,10
best long sleeve shirt for swimming,10
sleeveless surf t shirts,10
pool shirt long sleeve,10
ladies swim tees,10
koi carp t shirt,10
sardines t shirt,10
mens sun protection rash guard,10
fishing tee shirts for men,10
billabong slim fit t shirts,10
yellow surf shirt,10
surf co shirts,10
men's long sleeve swim tee rash guard,10
speedo swim shirt men's,10
womens billabong tshirts,10
plus size swim shirt women,10
women's rash guard zip front,10
lycra swim shirt,10
swim shirts for fat men,10
swim tee and shorts,10
bass t shirts online,10
t&c surf shirts 80s,10
mako shark shirt,10
fishing t shirts men,10
brown trout t shirt,10
billabong yellow shirt,10
billabong tee shirts womens,10
t and c surf shirt,10
snook t shirt,10
newport bay sailing club t shirt,10
hogfish shirt,10
long sleeve sun shirt swimming,10
green swim shirt,10
swim mom t shirt,10
swim shirts and bottoms,10
mens speedo shirts,10
salmon fishing t shirts,10
xxl swim tops,10
men long sleeve swim,10
surf t shirt designs,10
pfg columbia t shirts,10
bathing suit shirt funny,10
mens pink swim shirt,10
hunting and fishing t shirts,10
ironic fishing shirts,10
green billabong shirt,10
rodeel fishing shirts,10
polyester swim shirt,10
swimming shorts and shirt for ladies,10
women's rash guard top short sleeve,10
long sleeve surf tee shirts,10
swimming t shirt mens sports direct,10
eddie aikau t shirts,10
sun shirt swimwear,10
rash guard zipper womens,10
two lost souls swimming in a fishbowl t shirt,10
vans surf t shirt,10
surf the kali yuga shirt,10
personalized fishing t shirts,10
mens loose fitting rash guard shirts,10
mens sailboat shirt,10
kite surfing t shirt,10
water swim shirts,10
billabong pink shirt,10
ice fishing t shirts,10
shirt over bathing suit,10
rash guard swim top plus size,10
rip curl v neck t shirts,10
collared swim shirt,10
men's long sleeved home water trout responsibili tee,10
long sleeve upf swim shirt,10
men's long sleeve swim top,10
calvin klein swim shirt,10
mens rash guard tops,10
men's surfing short sleeve anti uv water t shirt,10
arena t shirts swimming,10
mens rip curl shirts,10
captain haddock shirt,10
crop top long sleeve rash guard,10
surf t,10
mackerel t shirt,10
wicked tuna tee shirts,10
17th street surf shop shirt,10
17th street surf shop t shirts,10
2 piece shirt bathing suit,10
6000 sardines t shirts,10
70's surf t shirts,10
80's surf shirts,10
80's t&c surf designs t shirt,10
80's vintage surf t shirts,10
90s billabong t shirts,10
90s surf t shirt,10
academy magellan t shirts,10
adidas mens swim shirt,10
adidas swim shirt mens,10
adult swim rick and morty shirt,10
adult swim rick and morty t shirt,10
adult swim shirt men,10
adult swim tee,10
adult swim tshirts,10
adult swimshirt,10
afternoon swimming t shirt,10
alcatraz swim team sweatshirt,10
alligator gar t shirt,10
amazon long sleeve rash guard,10
amazon men's rash guard,10
america's cup shirts,10
america's cup t shirts,10
america's cup tee shirts,10
american flag fishing pole shirt,10
anchovy t shirt,10
angling t shirts,10
aqua swim shirt,10
aquarium shirts,10
aquarium t shirt designs,10
aquarium tee shirts,10
arena swim shirt,10
arizona bay swim club shirt,10
arowana shirt,10
arowana t shirt,10
bait and tackle shirt,10
bait shirts,10
baitful dead,10
bass and co shirts,10
bass brigade t shirt,10
bass fishing t shirt designs,10
bass head shirt,10
bass head t shirt,10
bass mens shirt,10
bass shirts on sale,10
bass turd shirt,10
bass turd t shirt,10
bathing suit t shirt top,10
bathing suit top shirt,10
bathing t shirt,10
batman swim shirt,10
beach bros swim shirt,10
beach surf t shirts,10
beach wear long sleeves,10
beach wrap shirt,10
bear surfboards shirt,10
becker surfboards t shirts,10
berkley fishing t shirt,10
berkley t shirt turbo dry,10
best men's swim shirt loose fit,10
best pool shirts,10
best surf tees,10
betta shirt,10
big johnson fishing shirt,10
big johnson t shirts fishing,10
big mens rash guard shirts,10
big size rash guard,10
big tall mens swim shirts,10
big tuna shirt,10
big tuna t shirt,10
big wednesday t shirt,10
bigfish shirts,10
bikini bottom shirts,10
bikini top as shirt,10
billabong all day t shirt,10
billabong aloha t shirt,10
billabong black shirt,10
billabong blue t shirt,10
billabong core fit t shirt,10
billabong graphic t shirts,10
billabong green shirt,10
billabong green t shirt,10
billabong grey t shirt,10
billabong ladies shirts,10
billabong logo shirt,10
billabong logo t shirt,10
billabong mens tee shirts,10
billabong palm tree shirt,10
billabong pineapple shirt,10
billabong pink t shirt,10
billabong pipe masters shirt,10
billabong red shirt,10
billabong shirt price,10
billabong shirts for women,10
billabong skull t shirt,10
billabong sleeveless t shirt,10
billabong striped t shirt,10
billabong summer of love t shirt,10
billabong swim shirt mens,10
billabong t,10
billabong t shirt black,10
billabong t shirt blue,10
billabong t shirt white,10
billabong t shirts for women,10
billabong team wave t shirt,10
billabong tees mens,10
billabong tie dye shirt,10
billabong tie dye t shirt,10
billabong wave t shirt,10
billabong white long sleeve,10
billabong womens swim shirt,10
billabong wrangler t shirt,10
billabong yellow t shirt,10
black billabong shirt,10
black surf shirt,10
blackfish t shirt,10
blobfish shirts,10
blue billabong t shirt,10
bluefin tuna shirt,10
bluefish shirt,10
bluegill shirt,10
bluegill t shirt,10
bodyboard t shirt,10
bottom feeder shirt,10
bra under swim shirt,10
breaststroke t shirt,10
brook trout t shirt,10
bubble gum surf wax t shirts,10
buck fush shirt,10
butterfly swim shirt,10
buy swim shirt,10
california surf t shirt,10
calvin klein swimwear t shirt,10
camo fishing t shirt,10
captain fin co shirt,10
captain fin co t shirt,10
carp fishing tee shirts,10
carp fishing tshirt,10
carp t,10
carp tshirts,10
cat & jack swim shirt,10
catch co shirt,10
catch of the day shirt,10
catch of the day t shirt,10
catch surf t shirt,10
catfish biff's t shirt,10
catfish t shirt designs,10
champion swim shirt,10
charles manson charlie don t surf t shirt,10
charlie don t surf tee shirt,10
cheap billabong shirts,10
cheap swim shirts for men,10
childrens long sleeve rash guard,10
chum shirt,10
cichlid shirt,10
cichlid t shirt,10
classic surf shirts,10
clownfish shirt,10
clownfish t shirt,10
coast guard rescue swimmer shirt,10
cod t shirt designs,10
columbia fishing tee shirts,10
competitive swim shirts,10
crop t shirt bikini,10
crop t shirt bikini top,10
cu in the nt fishing shirts,10
custom fishing tee shirts,10
cute swim shirts for women,10
daddy's fastest swimmer shirt,10
daiwa fishing t shirts,10
dead carps shirt,10
deadliest catch t shirt,10
decathlon olaian t shirt,10
decathlon surf t shirt,10
decathlon uv long sleeve,10
dirty funny fishing shirts,10
dirty hooker t shirt,10
discus shirt,10
dissolving swim shirts,10
dogfish shirt,10
dory just keep swimming shirt,10
ducky's swimwear & t shirts,10
eat sleep swim repeat t shirt,10
ed hardy fishing shirts,10
ed hardy koi shirt,10
eddie aikau quiksilver t shirt,10
father and son fishing t shirts,10
fcs shirt,10
fcs t shirt,10
filthy anglers shirts,10
finis thermal shirt,10
fishaholic t shirt,10
fishbone shirts,10
fishbone tee,10
fisherman t shirts funny,10
fishing american flag shirt,10
fishing boat t shirt,10
fishing boat t shirt designs,10
fishing club t shirt,10
fishing company t shirts,10
fishing derby shirts,10
fishing funny t shirts,10
fishing hook shirt,10
fishing humor shirts,10
fishing humor t shirts,10
fishing joke shirts,10
fishing lover t shirt,10
fishing lure t shirt,10
fishing mom shirt,10
fishing ruler shirt,10
fishing sayings for shirts,10
fishing shirt sayings,10
fishing shirt with ruler on sleeve,10
fishing shirts for grandpa,10
fishing t shirt club,10
fishing t shirt sayings,10
fishing t shirts for sale,10
fishing tackle t shirts,10
fishing team shirt designs,10
fishing team t shirts,10
fishing tournament t shirt designs,10
fishing trip shirt,10
fishing wife shirt,10
fishing with grandpa shirt,10
fishmas shirt,10
fishy on me t shirt,10
flathead t shirt,10
floating swim shirt,10
flowerhorn shirt,10
flowerhorn t shirt,10
fluke shirt,10
fluke shirt price,10
fluke t shirt price,10
fly fishing t,10
fly fishing t shirt designs,10
fly fishing t shirts for men,10
fugu t shirt,10
full sleeve swim shirt,10
funny bass shirts,10
funny crappie fishing t shirts,10
funny fisherman shirts,10
funny fishing shirts for women,10
funny fishing tees,10
funny ice fishing t shirts,10
funny mens fishing t shirts,10
funny swim coach t shirts,10
funny swim t shirts,10
funny swim team shirts,10
funny swimming pool shirts,10
fv tuna com shirts,10
gamakatsu shirt,10
george greenough t shirt,10
goldfish print shirt,10
gone fishin t shirt,10
got bass t shirt,10
gotcha surf t shirt,10
graphic tees surf,10
grateful dead surf shirt,10
green billabong t shirt,10
greg noll surfboards t shirts,10
greg noll t shirt,10
grey swim shirt,10
grouper t shirts,10
guppy shirt,10
guppy t shirt,10
guru fishing t shirt,10
guy harvey fishing t shirts,10
guy harvey swordfish shirt,10
gyotaku t shirts,10
haddock t shirt,10
half shirt bathing suit,10
half shirt bikini top,10
halibut shirt,10
harry styles swim deep shirt,10
hawaiian swim shirts,10
hello kitty swim shirt,10
hilarious fishing shirts,10
his bobbers her pole shirts,10
hogfish t shirt,10
hollister surf t shirt,10
hooked on fishing t shirt,10
hooked up shirts,10
hot tuna mens t shirt,10
hot tuna t shirt mens,10
hot tuna t shirts womens,10
hunting and fishing t shirt,10
hunting fishing t shirts,10
hurley surf and enjoy shirt,10
hurley surf t shirt,10
hydroguard swim tee,10
hydroguard t shirt,10
hydrophobic swim shirt,10
i love drinking pool water shirt,10
i love swimming t shirt,10
ice fishing tee shirts,10
ice fishing tshirt,10
infant uv shirt,10
inflatable swim shirt,10
jeff spicoli sex wax shirt,10
jesus fishing shirt,10
john john florence t shirt,10
just hook it t shirt,10
just keep swimming tee,10
justice swim shirt,10
kali yuga shirt,10
kali yuga t shirt,10
kanu surf men's cb rashguard,10
kanu surf swim shirt,10
katie ledecky t shirt,10
katin men's surf circle t shirt,10
keeping it reel shirt,10
king salmon shirt,10
kite surf t shirt,10
koi print shirt,10
koi tee shirt,10
lacoste sailing club t shirt,10
ladies fishing t shirts,10
ladies rash guard shirt,10
ladies swim top with sleeves,10
ladies uv swim shirt,10
largemouth bass t shirt,10
laser sailing t shirt,10
le surf t shirt,10
lionfish shirt,10
lionfish t shirt,10
long sleeve bathing shirt,10
long sleeve mens swim top,10
long sleeve rip curl shirt,10
long sleeve shirt bathing suit,10
long sleeve shirt surf,10
long sleeve shirt swimwear,10
long sleeve swimming t shirt,10
long sleeve swimsuit men's,10
long sleeve t shirts rip curl,10
long sleeve uv swim shirt ladies,10
long sleeve zipper swim top,10
lost surf t shirt,10
lost t shirts surf,10
mac miller swim forever shirt,10
marlin fishing t shirts,10
master baiter fishing t shirts,10
master baiter shirt amazon,10
master baiter t shirts,10
matching trunks and shirt,10
maternity rash shirt,10
matrix t shirt fishing,10
men swimsuit shirt,10
men's quick dry swim shirt,10
men's rash guard loose fit,10
men's rash guard swimwear,10
men's shirt as beach cover up,10
men's sunblock swim shirts,10
men's swimwear shirts,10
mens bathing shirts,10
mens bathing suits with matching shirts,10
mens beach swim shirt,10
mens big tall swim shirt,10
mens graphic tees fishing,10
mens hunting and fishing t shirts,10
mens koi shirt,10
mens rash guard for swimming,10
mens rash guard shirt loose fit,10
mens rash guard swimwear,10
mens rash guard tank,10
mens swim shirt academy sports,10
mens swim shirt speedo,10
mens swimwear t shirt,10
mens t shirts fishing logo,10
mines so big fishing shirt,10
more bass t shirt,10
moschino swim bear t shirt,10
moschino swim men's t shirt,10
moschino swim polo,10
moschino swim polo shirt,10
moschino swim shirt,10
moschino swim tee,10
nash fishing t shirt,10
naughty fishing shirts,10
nautical t shirts for men,10
o neill santa cruz t shirt,10
octo surf t shirt,10
octosurf t shirt,10
octosurf tshirt,10
okuma fishing t shirt,10
okuma t shirts,10
old billabong shirts,10
old guys rule surf,10
olympic swimming shirts,10
one piece t shirt bathing suit,10
oneill womens shirts,10
orange billabong shirt,10
orange billabong t shirt,10
peacock bass t shirt,10
penn fishing t shirt,10
penn fishing tee shirts,10
penn reel t shirts,10
perch shirt,10
perch t shirt,10
performance fishing gear t shirts,10
performance fishing long sleeve shirts,10
pike t,10
pipe masters t shirt,10
pipeline masters t shirt,10
playboy surf club shirt,10
plus size bikini t shirt,10
plus size women's swim shirt with built in bra,10
polo bear surfing shirt,10
polo moschino swim,10
polo shirt swimwear,10
polyester shirt for swimming,10
pool guy shirt,10
pool shirts for women,10
pool shirts women,10
pool staff shirts,10
pufferfish shirt,10
purple billabong shirt,10
purple swim shirt,10
purple tuna tees,10
quiksilver eddie aikau shirt,10
quint t shirt shark fishing,10
rapala fishing t shirts,10
rash guard for big men,10
rash guard for swimming pool,10
rash guard shirts for infants,10
rash guard swim tee,10
rash guards and swim shirts,10
rashguard shirts women,10
red billabong t shirt,10
red drum shirt,10
red sex wax shirt,10
red snapper shirt,10
red snapper t shirt,10
reel to reel t shirt,10
rick and morty adult swim shirt,10
rip curl black t shirt,10
rip curl california t shirt,10
rip curl icon t shirt,10
rip curl ladies t shirt,10
rip curl live the search t shirt,10
rip curl long sleeve t shirt women's,10
rip curl men's long sleeve t shirt,10
rip curl pineapple shirt,10
rip curl slim fit t shirt,10
rip curl surf t shirts,10
rip curl t shirt price,10
rip curl tees mens,10
ripcurl polo shirt,10
sailboat t shirt designs,10
sailing club shirt,10
sailing club t shirt,10
sailing crew t shirts,10
sailing regatta t shirts,10
sailing team t shirt,10
sailing tee,10
salmon graphic tee,10
salmon print shirt,10
salmon t shirt outfit,10
salmon tee shirt,10
salt water tee shirts,10
saltwater fishing tee shirts,10
saltwater fishing tournament t shirts,10
saltwater life t shirts,10
sculpin t shirt,10
sea bass t shirt,10
sea fishing t shirt,10
sex wax long sleeve t shirt,10
sex wax shirt spicoli,10
shark bait t shirt,10
shark fishing t shirt,10
shimano fishing t shirt,10
shiner shirt,10
shirt and short bathing suit,10
shirt and swim shorts,10
shirt that looks like bathing suit,10
shirt to wear over bathing suit,10
shirt with swordfish logo,10
shirts to wear swimming,10
shirts to wear when swimming,10
shirts you can wear in the pool,10
shorts and t shirt for swimming,10
show me your bobbers t shirt,10
skeleton surfing t shirt,10
skims swim tshirt,10
sleeveless rash guard shirt,10
sleeveless swim tee,10
sleeveless swim top mens,10
snakehead shirt,10
snakehead t shirt,10
snapper shirt,10
snapper t shirt,10
soul surfer t shirt,10
spandex swim shirt,10
spear fishing t shirt,10
speedo long sleeve rash guard,10
speedo long sleeve t shirt,10
speedo loose fit swim shirt,10
speedo men's easy long sleeve swim shirt,10
speedo men's easy short sleeve swim shirt,10
speedo men's graphic long sleeve swim shirt,10
speedo men's long sleeve rash guard,10
speedo men's uv swim shirt short sleeve regular fit solid,10
speedo mens shirt,10
speedo rash guard for men,10
speedo sleeveless rash guard,10
speedo sleeveless swim shirt,10
speedo swim shirt size chart,10
speedo swim t shirt,10
speedo t shirt uv protection,10
speedo women's long sleeve rash guard,10
speedo women's swim shirt,10
spicoli sex wax shirt,10
spicy tuna t shirts,10
splash guard shirt,10
sport fishing tee shirts,10
sportage surf tee,10
spyder swim rash guard shirt,10
spyder swim t shirt,10
state swim team shirts,10
stormtrooper surfboard t shirt,10
stormtrooper surfing t shirt,10
strike king shirt,10
strike king t shirt,10
striped bass tee shirts,10
striper fishing shirt,10
sturgeon shirt,10
sturgeon t shirt,10
stussy surf skate skull tee,10
stussy surf tee,10
sucker for you shirt,10
summer swim team shirts,10
sun proof water shirts,10
sun rash shirt,10
sun surf t shirt,10
sunscreen swim shirts for men,10
sunset surf t shirt,10
super tuna t shirt,10
superdry cali surf t shirt,10
superdry surf t shirt,10
surf blue colour shirt,10
surf competition shirts,10
surf competition t shirts,10
surf dog t shirts,10
surf graphic t shirt,10
surf life shirts,10
surf logo t shirts,10
surf n go t shirt,10
surf ninjas shirt,10
surf ninjas t shirt,10
surf print shirt,10
surf print t shirt,10
surf punks t shirt,10
surf rats t shirt,10
surf rider t shirt,10
surf skate shirts,10
surf skate t shirts,10
surf style long sleeve t shirts,10
surf t shirts amazon,10
surf team shirt,10
surf the kali yuga t shirt,10
surf zoids t shirt,10
surfboard t shirt designs,10
surfboard tee shirts,10
surfer rash guard shirt,10
surfer sting shirt,10
surfing with the alien shirt,10
surfing with the alien t shirt,10
surfline t shirt,10
surfrider shirt,10
surfs up movie t shirt,10
surfstyle shirts,10
sv delos t shirt,10
swim and dive shirts,10
swim bike run tshirt,10
swim club shirt,10
swim club t shirt,10
swim coach shirt,10
swim deep shirt,10
swim fan shirts,10
swim float shirt,10
swim men shirt,10
swim parent shirts,10
swim polo shirt,10
swim saying shirts,10
swim shift,10
swim shirt 3t,10
swim shirt and skirt,10
swim shirt and trunks,10
swim shirt bikini,10
swim shirt black,10
swim shirt float,10
swim shirt for men nearby,10
swim shirt long,10
swim shirt male,10
swim shirt neoprene,10
swim shirt rash,10
swim shirt with floaties,10
swim shirt women short sleeve,10
swim shirts for men 4xl,10
swim shirts for men loose fit,10
swim shirts for men xxl,10
swim shirts for men xxxl,10
swim shirts for women long sleeve,10
swim shirts for women near me,10
swim shirts nearby,10
swim shirts spf 50,10
swim shirts teens,10
swim shorts with shirt,10
swim style nylon shirts,10
swim team survivor shirt,10
swim team sweatshirt,10
swim team t shirt,10
swim team tee shirts,10
swim tops to go with board shorts,10
swim trunks with shirt,10
swimmer tshirts,10
swimming graphic tees,10
swimming in socal shirt,10
swimming in social shirt,10
swimming in white shirt,10
swimming in white t shirt,10
swimming polo shirt,10
swimming pool shirts for men,10
swimming shirts for men nearby,10
swimming t shirt long sleeve,10
swimming t shirt sports direct,10
swimming t shirt uv protection,10
swimming teacher t shirt,10
swimming trunks with matching shirt,10
swimming tunic tops,10
swimwear pants and shirt,10
swimwear t shirt mens,10
swm shirt,10
swordfish logo shirt,10
swordfish t shirt,10
t & c shirts,10
t and c surf designs shirts,10
t and c surf t shirts,10
t shirt bass fishing,10
t shirt bodyboard,10
t shirt carp,10
t shirt charlie don t surf,10
t shirt fishbone,10
t shirt for pool,10
t shirt ikan koi,10
t shirt kelly slater,10
t shirt mullet,10
t shirt over bathing suit,10
t shirt pool,10
t shirt salmon,10
t shirt shimano fishing,10
t shirt silver surfer,10
t shirt surf print,10
t shirt surf shop,10
t shirt tetra,10
t shirt titanic 1912 swim team,10
t shirt to wear in swimming pool,10
t shirt uv protection decathlon,10
t shirt with bathing suit on it,10
t shirts surfing designs,10
t&c surf designs t shirt,10
t&c surf shirts 80's,10
t&c surf shirts vintage,10
tackle warehouse t shirt,10
tall rash guard men,10
tank top swim shirt men's,10
tarpon tees,10
tc surf shirts,10
tee bait,10
the catch t shirt,10
the happy fisherman t shirt,10
thrilla gorilla shirt,10
thrilla gorilla t shirt,10
tight swim shirt,10
tiktaalik shirt,10
titanic swim team t shirt,10
toadfish t shirt,10
tommy hilfiger surfboard shirt,10
town & country surf shirts,10
town and country surf designs t shirts,10
town and country surf shirt,10
town and country surf t shirt,10
town country surf designs t shirts,10
trout pattern shirt,10
trout t,10
trunk polo shirt,10
trunks no shirt,10
trunks surf and swim co shirt,10
tshirt oneill,10
tshirts billabong,10
tshirts fishing,10
tsla rashguard,10
tuna fishing t shirts,10
two lost souls swimming in a fishbowl shirt,10
two piece shirt bathing suit,10
ugly stik shirt,10
ugly stik t shirt,10
ulua shirt,10
upf swim shirts women's,10
urban pike t shirt,10
us open of surfing t shirts,10
uv men's swim shirts,10
uv protection swimming t shirts,10
uv rash guard shirt,10
uv rash shirt,10
uv shirt rash guard,10
uv shirts for women swim,10
uv surf t shirt,10
uv swim top men's,10
uv swim tops for women,10
uv women's swim shirts,10
v neck surf t shirts,10
vans triple crown of surfing t shirt,10
vans triple crown t shirt,10
vans us open shirts,10
vineyard vines surf shirt,10
vintage 17th street surf shop t shirts,10
vintage fishing tee,10
vintage rip curl shirt,10
vintage sailing shirt,10
vintage sailing t shirts,10
vintage sex wax shirt,10
vintage sex wax t shirt,10
vintage surfboard t shirts,10
vintage town and country t shirts,10
wakesurf shirt,10
waterproof t shirt for swimming men's,10
we hooked the best dad shirt,10
wearing a shirt in the pool,10
wearing a shirt while swimming,10
weekend hooker shirt,10
weekend hooker t shirt,10
wet shirt in pool,10
wet shirt pool,10
wet swim shirt,10
wet t shirt pool,10
wet t shirt swim,10
wetsuit t shirts,10
whale shark t shirts,10
white rip curl t shirt,10
white shirt pool,10
white shirt swimming,10
white swim shirt womens,10
women's fishing tee shirts,10
women's long sleeve surf tops,10
women's swim shirts and board shorts,10
women's swimwear shirts,10
women's zip front swim shirt,10
womens billabong tee shirts,10
womens plus rash guard shirt,10
womens rash guard zip up,10
yater t shirt apocalypse now,10
yellow billabong shirt,10
yellow billabong t shirt,10
yellow jetty electric eel t shirt,10
yellowfin tuna shirt,10
z man t shirt,10
zebco t shirt,10
zephyr surf shop t shirts,10
zip up long sleeve swim top,10
